"State","Prob.1","Prob.2","Prob.3"
1,0.018618930651168,0.166620038457728,1.0708113428911
2,0.018618930651168,0.166620038457728,1.0708113428911
3,0.018618930651168,0.166620038457728,1.0708113428911
